post_id,platform,user_id,username,content,timestamp,misinfo_score,shares,likes,comments,retweets,views,archived,archive_url,status,category,verified_account,account_age_days,follower_count,flagged_by_users,fact_check_rating,region
POST_0001,Instagram,user_18,@health_user_14,Baking soda cures cancer,2025-09-09 03:44:44,89,1336,2178,359,436,25048,False,,Debunked,Cancer,False,2443,145952,414,False,Europe
POST_0002,YouTube,user_14,@health_user_12,Big Pharma is hiding the cure for cancer,2025-09-04 17:24:44,61,352,718,83,189,4139,False,,Flagged,Vaccines,False,3427,329688,316,Misleading,Africa
POST_0003,TikTok,user_11,@health_user_30,Ivermectin is better than vaccines,2025-10-06 08:41:44,79,194,373,68,122,4828,True,,Disputed,Vaccines,False,730,280143,373,Mostly False,Europe
POST_0004,Instagram,user_42,@health_user_8,Vitamin C prevents COVID-19,2025-09-19 18:28:44,57,3234,8758,842,1163,150493,False,https://archive.org/details/post_4,Debunked,Infectious Disease,False,2663,240670,73,Misleading,Europe
POST_0005,WhatsApp,user_75,@health_user_52,"Chemotherapy is poison, use herbs instead",2025-10-03 07:10:44,69,943,2827,146,702,37969,False,,Debunked,Cancer,False,1606,200178,305,Unverified,Africa
POST_0006,Facebook,user_69,@health_user_35,Deodorant causes breast cancer,2025-10-02 12:50:44,96,537,1081,116,237,5448,False,https://archive.org/details/post_6,Fact-Checked,Treatment,False,465,456502,320,Misleading,Oceania
POST_0007,Reddit,user_70,@health_user_68,Drinking bleach cures COVID-19,2025-09-16 11:33:44,93,362,719,39,411,16358,False,,Verified False,Prevention,False,352,45007,374,Unverified,North America
POST_0008,Telegram,user_71,@health_user_22,COVID tests are rigged,2025-08-31 12:56:44,88,148,417,40,72,4695,False,,Under Review,Cancer,False,2691,195879,224,Pants on Fire,South America
POST_0009,Instagram,user_76,@health_user_29,Drinking bleach cures COVID-19,2025-10-11 23:31:44,59,151,388,18,54,1706,False,https://archive.org/details/post_9,Under Review,Infectious Disease,False,571,379345,478,Pants on Fire,Africa
POST_0010,Instagram,user_13,@health_user_13,Lemon water cures cancer,2025-09-18 22:55:44,82,2042,4148,540,2200,24845,False,https://archive.org/details/post_10,Verified False,Cancer,False,3309,451864,55,Mostly False,Europe
POST_0011,TikTok,user_60,@health_user_32,Hospitals are inflating COVID death numbers,2025-10-06 13:17:44,83,366,995,162,142,13242,False,,Verified False,Prevention,False,2019,252470,109,Unverified,North America
POST_0012,Telegram,user_37,@health_user_55,Cannabis oil cures all diseases,2025-10-08 18:45:44,90,692,1726,204,326,12957,True,https://archive.org/details/post_12,Verified False,Alternative Medicine,True,2422,250074,257,Pants on Fire,Europe
POST_0013,Facebook,user_31,@health_user_52,Masks cause oxygen deprivation,2025-10-15 14:40:44,91,1177,2200,397,1009,31512,False,https://archive.org/details/post_13,Under Review,Prevention,False,1316,125240,135,Unverified,Europe
POST_0014,Facebook,user_2,@health_user_59,Detox cleanses remove toxins from body,2025-09-06 10:26:44,91,919,2751,118,452,18940,False,https://archive.org/details/post_14,Debunked,Alternative Medicine,False,1824,437222,278,Misleading,Africa
POST_0015,TikTok,user_14,@health_user_18,COVID tests are rigged,2025-08-28 10:12:44,62,63,178,25,27,1342,True,,Disputed,Conspiracy,False,1058,474757,464,False,North America
POST_0016,YouTube,user_17,@health_user_34,Zinc supplements cure coronavirus,2025-09-08 16:52:44,83,204,476,55,63,2662,False,https://archive.org/details/post_16,Fact-Checked,COVID-19,False,2415,289782,75,Unverified,Europe
POST_0017,Twitter,user_46,@health_user_27,Baking soda cures cancer,2025-10-16 21:22:44,70,4369,10926,1055,3513,196598,False,https://archive.org/details/post_17,Debunked,Treatment,False,3350,92926,451,Unverified,North America
POST_0018,WhatsApp,user_32,@health_user_35,Zinc supplements cure coronavirus,2025-10-07 06:46:44,61,1407,2918,162,1018,25306,False,,Debunked,Prevention,True,821,209010,168,Misleading,North America
POST_0019,YouTube,user_4,@health_user_15,COVID tests are rigged,2025-08-30 22:23:44,66,1859,4409,917,621,62974,False,https://archive.org/details/post_19,Flagged,Vaccines,False,2391,99756,130,False,Oceania
POST_0020,Instagram,user_47,@health_user_56,Hospitals are inflating COVID death numbers,2025-09-22 06:12:44,97,3951,11385,1380,3544,59216,False,https://archive.org/details/post_20,Disputed,Cancer,False,2885,155108,283,Mostly False,Europe
POST_0021,Reddit,user_79,@health_user_73,COVID vaccine makes you magnetic,2025-09-22 09:21:44,80,2718,6311,272,1517,73923,False,https://archive.org/details/post_21,Flagged,Infectious Disease,False,905,268102,242,Mostly False,Oceania
POST_0022,YouTube,user_12,@health_user_31,Baking soda cures cancer,2025-10-13 21:13:44,74,2306,4237,414,742,45662,False,https://archive.org/details/post_22,Verified False,Infectious Disease,False,2609,301917,99,Unverified,South America
POST_0023,Facebook,user_55,@health_user_29,Hospitals get paid more for COVID deaths,2025-09-23 23:36:44,88,2447,5377,790,2755,36359,True,,Fact-Checked,Alternative Medicine,False,1842,321306,417,Pants on Fire,South America
POST_0024,Telegram,user_58,@health_user_34,Sunscreen causes cancer,2025-08-26 13:17:44,70,1128,3114,238,1128,33163,True,,Disputed,Conspiracy,False,1405,167719,457,Pants on Fire,North America
POST_0025,Instagram,user_9,@health_user_54,Measles is just a harmless rash,2025-10-11 02:31:44,76,1456,3369,387,708,39038,False,https://archive.org/details/post_25,Disputed,COVID-19,False,3165,301927,194,Unverified,North America
POST_0026,WhatsApp,user_69,@health_user_70,EMF radiation from phones causes tumors,2025-08-19 19:26:44,69,1761,3931,368,1298,45003,False,https://archive.org/details/post_26,Disputed,Treatment,False,552,326341,273,False,South America
POST_0027,WhatsApp,user_18,@health_user_60,Hospitals get paid more for COVID deaths,2025-09-11 12:03:44,58,32,61,7,23,763,False,,Flagged,Conspiracy,False,1956,10262,383,Pants on Fire,North America
POST_0028,Twitter,user_4,@health_user_32,The pandemic is a hoax,2025-08-19 19:31:44,56,545,1327,106,396,7957,False,,Under Review,Alternative Medicine,False,2517,392228,367,False,Europe
POST_0029,WhatsApp,user_51,@health_user_26,Hospitals are inflating COVID death numbers,2025-09-30 03:08:44,92,168,427,59,65,6890,False,https://archive.org/details/post_29,Verified False,COVID-19,False,1784,346927,189,False,Africa
POST_0030,Telegram,user_14,@health_user_56,"Chemotherapy is poison, use herbs instead",2025-09-07 20:45:44,95,2101,5961,596,919,35813,False,https://archive.org/details/post_30,Fact-Checked,Infectious Disease,False,3412,383368,303,Misleading,Asia
POST_0031,Telegram,user_32,@health_user_60,The polio vaccine caused AIDS,2025-08-25 22:52:44,94,860,2153,201,641,19794,False,,Under Review,Alternative Medicine,False,2471,367722,450,Misleading,Africa
POST_0032,WhatsApp,user_63,@health_user_72,Sunscreen causes cancer,2025-10-18 14:33:44,70,153,390,55,114,6418,True,,Disputed,Prevention,False,2412,193572,242,Pants on Fire,Africa
POST_0033,Telegram,user_35,@health_user_40,COVID tests are rigged,2025-09-26 16:58:44,69,1139,1915,201,464,35817,False,,Debunked,Infectious Disease,False,2444,398667,268,Pants on Fire,Asia
POST_0034,TikTok,user_2,@health_user_69,Bill Gates created COVID-19,2025-10-13 00:27:44,72,513,806,62,289,24550,False,https://archive.org/details/post_34,Verified False,COVID-19,False,1952,251084,225,Misleading,Europe
POST_0035,Facebook,user_52,@health_user_63,Hospitals are inflating COVID death numbers,2025-10-15 21:50:44,91,505,1235,61,219,16441,False,https://archive.org/details/post_35,Verified False,Cancer,False,3268,324329,115,Pants on Fire,South America
POST_0036,WhatsApp,user_40,@health_user_73,Detox cleanses remove toxins from body,2025-09-20 16:26:44,58,2802,6765,1109,3230,51309,True,https://archive.org/details/post_36,Debunked,Prevention,False,337,82168,1,Unverified,South America
POST_0037,TikTok,user_37,@health_user_59,Hospitals are inflating COVID death numbers,2025-09-04 11:15:44,98,199,368,41,201,6692,False,,Verified False,Prevention,False,1118,433492,72,False,North America
POST_0038,TikTok,user_57,@health_user_16,Vaccine ingredients are toxic,2025-10-08 21:07:44,74,3266,8327,1558,2451,97176,True,,Flagged,Alternative Medicine,False,135,47981,117,Pants on Fire,Africa
POST_0039,Twitter,user_23,@health_user_61,HIV doesn't cause AIDS,2025-08-20 05:57:44,96,2929,6336,618,3506,80360,False,https://archive.org/details/post_39,Flagged,Alternative Medicine,False,1345,351442,53,Mostly False,Asia
POST_0040,WhatsApp,user_71,@health_user_5,Vaccine ingredients are toxic,2025-09-22 08:14:44,60,1061,2093,243,1245,27786,False,https://archive.org/details/post_40,Disputed,Infectious Disease,False,798,271911,185,Pants on Fire,South America
POST_0041,Reddit,user_37,@health_user_57,Cannabis oil cures all diseases,2025-09-08 15:57:44,86,87,147,42,74,1718,True,https://archive.org/details/post_41,Fact-Checked,Cancer,True,3476,478738,58,Unverified,North America
POST_0042,TikTok,user_54,@health_user_62,Natural birth is always safer than C-section,2025-09-08 02:14:44,70,3594,7854,567,1694,122118,False,,Verified False,Conspiracy,False,3529,217649,174,Pants on Fire,Asia
POST_0043,Telegram,user_20,@health_user_58,Diabetes can be cured with cinnamon,2025-08-28 06:27:44,85,1388,2800,445,1095,39165,False,,Disputed,Prevention,False,986,448897,397,Unverified,North America
POST_0044,WhatsApp,user_50,@health_user_20,WiFi radiation causes brain cancer,2025-09-28 07:15:44,57,3374,5701,1640,2020,47296,False,,Flagged,COVID-19,False,1709,456719,335,Mostly False,North America
POST_0045,Facebook,user_43,@health_user_69,Big Pharma is hiding the cure for cancer,2025-09-18 22:24:44,75,2343,5719,1066,1732,74163,False,,Disputed,Conspiracy,False,3088,47484,222,False,Oceania
POST_0046,Twitter,user_6,@health_user_42,Garlic water prevents all infections,2025-09-04 03:17:44,73,652,1328,177,338,17270,False,,Debunked,Vaccines,False,1596,325006,349,Mostly False,South America
POST_0047,TikTok,user_59,@health_user_33,Lemon water cures cancer,2025-08-21 12:36:44,55,636,1811,181,355,20267,True,https://archive.org/details/post_47,Fact-Checked,Conspiracy,False,1767,362023,128,Unverified,Asia
POST_0048,WhatsApp,user_74,@health_user_46,The polio vaccine caused AIDS,2025-10-06 17:51:44,73,493,1476,107,582,17942,True,https://archive.org/details/post_48,Disputed,COVID-19,False,3082,260528,426,Misleading,Europe
POST_0049,TikTok,user_18,@health_user_13,Apple cider vinegar cures everything,2025-09-10 19:31:44,96,896,1397,372,295,22037,True,https://archive.org/details/post_49,Under Review,Cancer,False,571,412459,276,Misleading,Africa
POST_0050,Telegram,user_38,@health_user_44,Masks cause oxygen deprivation,2025-09-16 21:52:44,84,294,868,46,344,13092,False,https://archive.org/details/post_50,Fact-Checked,Alternative Medicine,True,1646,7397,135,Pants on Fire,North America
POST_0051,WhatsApp,user_48,@health_user_14,Baking soda cures cancer,2025-09-19 19:02:44,69,2735,6038,951,3143,63252,False,https://archive.org/details/post_51,Disputed,Infectious Disease,False,1267,340488,209,False,Europe
POST_0052,Instagram,user_69,@health_user_18,Big Pharma is hiding the cure for cancer,2025-10-17 05:26:44,84,525,1080,252,487,16612,False,https://archive.org/details/post_52,Flagged,Vaccines,False,2551,214070,480,Misleading,North America
POST_0053,Instagram,user_47,@health_user_13,Baking soda cures cancer,2025-09-04 19:32:44,78,1160,2688,569,722,30087,True,,Flagged,Vaccines,False,2658,335378,305,False,North America
POST_0054,Instagram,user_9,@health_user_71,Essential oils cure cancer,2025-08-29 20:30:44,92,557,1017,249,332,8868,False,,Debunked,Treatment,False,3300,91586,56,False,Europe
POST_0055,YouTube,user_3,@health_user_23,COVID tests are rigged,2025-10-18 18:55:44,58,1283,2168,344,516,16095,False,,Fact-Checked,Vaccines,False,937,495770,314,False,Oceania
POST_0056,Twitter,user_8,@health_user_62,Vaccines shed and infect others,2025-08-29 09:12:44,82,814,2059,241,911,10538,True,https://archive.org/details/post_56,Verified False,Treatment,False,2623,306999,280,Misleading,South America
POST_0057,WhatsApp,user_13,@health_user_15,Coconut oil reverses Alzheimer's,2025-09-10 14:27:44,96,1315,3704,421,1419,35780,False,,Flagged,Cancer,False,419,163965,218,Misleading,Oceania
POST_0058,Facebook,user_12,@health_user_11,Natural immunity is 100% effective against all diseases,2025-10-02 19:36:44,82,3317,5457,1312,3419,107018,False,https://archive.org/details/post_58,Under Review,Vaccines,False,3608,348930,481,Unverified,Oceania
POST_0059,Instagram,user_20,@health_user_62,Vitamin C prevents COVID-19,2025-10-15 21:07:44,61,685,1387,220,276,14485,True,,Fact-Checked,COVID-19,False,2724,434976,355,Misleading,North America
POST_0060,YouTube,user_45,@health_user_1,Hospitals get paid more for COVID deaths,2025-10-07 22:01:44,64,1493,3508,388,638,52758,True,https://archive.org/details/post_60,Debunked,Cancer,False,1426,82627,189,Misleading,Oceania
POST_0061,Reddit,user_21,@health_user_80,Garlic water prevents all infections,2025-09-28 12:07:44,98,429,696,119,292,14728,False,,Fact-Checked,Vaccines,False,484,148602,347,Pants on Fire,South America
POST_0062,Twitter,user_1,@health_user_27,COVID vaccine makes you magnetic,2025-09-15 09:26:44,68,83,221,33,46,1236,False,,Debunked,Cancer,False,972,262381,286,Misleading,North America
POST_0063,Facebook,user_41,@health_user_74,Homeopathy cures serious diseases,2025-09-23 07:43:44,91,266,561,94,149,6981,False,,Fact-Checked,Infectious Disease,False,1512,46305,223,False,Europe
POST_0064,TikTok,user_44,@health_user_29,Colloidal silver cures all infections,2025-09-21 12:20:44,65,466,752,164,362,8278,False,,Disputed,Treatment,False,629,134301,101,Mostly False,Africa
POST_0065,Telegram,user_60,@health_user_73,Sunscreen causes cancer,2025-10-09 10:41:44,92,913,1984,428,737,32335,False,https://archive.org/details/post_65,Disputed,Alternative Medicine,False,309,245949,226,Misleading,Asia
POST_0066,Telegram,user_58,@health_user_5,Garlic water prevents all infections,2025-09-12 05:23:44,78,441,1211,57,475,19502,False,https://archive.org/details/post_66,Flagged,COVID-19,False,3347,299812,333,Mostly False,Asia
POST_0067,Telegram,user_14,@health_user_44,Hydrogen peroxide therapy cures disease,2025-09-10 15:13:44,60,788,1780,133,412,21700,False,https://archive.org/details/post_67,Debunked,Alternative Medicine,False,1188,203217,209,Misleading,Oceania
POST_0068,Facebook,user_43,@health_user_13,Mammograms cause breast cancer,2025-09-11 04:55:44,98,2238,4656,449,2387,108755,False,,Verified False,Treatment,False,1300,344061,357,Unverified,Europe
POST_0069,YouTube,user_17,@health_user_68,Natural immunity is 100% effective against all diseases,2025-09-10 08:40:44,96,985,2470,299,311,22040,False,,Flagged,Prevention,False,593,81335,39,Misleading,North America
POST_0070,Twitter,user_44,@health_user_80,Bill Gates created COVID-19,2025-09-16 12:52:44,93,3429,7081,565,3594,140055,False,,Flagged,COVID-19,False,2800,377370,121,Unverified,Africa
POST_0071,Instagram,user_40,@health_user_61,The pandemic is a hoax,2025-09-30 06:55:44,78,728,1833,239,507,29700,False,https://archive.org/details/post_71,Flagged,Treatment,False,3311,317117,70,Misleading,North America
POST_0072,Facebook,user_67,@health_user_16,Face masks don't work at all,2025-09-07 14:50:44,60,1168,3089,244,1302,18567,False,https://archive.org/details/post_72,Debunked,Infectious Disease,False,139,217625,27,Unverified,Africa
POST_0073,Twitter,user_41,@health_user_13,Hydrogen peroxide therapy cures disease,2025-09-25 23:21:44,96,203,407,32,68,9497,False,https://archive.org/details/post_73,Disputed,Infectious Disease,False,51,475030,40,False,Asia
POST_0074,WhatsApp,user_15,@health_user_37,Antibiotics work on viral infections,2025-10-06 02:10:44,74,3666,6170,716,3208,128021,True,https://archive.org/details/post_74,Flagged,COVID-19,False,2385,126945,367,Mostly False,Asia
POST_0075,WhatsApp,user_24,@health_user_11,HIV doesn't cause AIDS,2025-09-22 06:06:44,78,587,940,182,444,29082,False,,Flagged,COVID-19,False,1559,133085,382,False,Asia
POST_0076,Facebook,user_75,@health_user_43,Bill Gates created COVID-19,2025-08-30 04:23:44,57,972,1972,228,854,42020,False,https://archive.org/details/post_76,Flagged,Treatment,False,288,375513,397,Unverified,North America
POST_0077,Twitter,user_41,@health_user_40,Fluoride in water is mind control,2025-10-01 00:43:44,80,1146,3419,363,605,45992,True,,Verified False,Alternative Medicine,False,3304,193048,223,Unverified,Oceania
POST_0078,Telegram,user_48,@health_user_67,Hydroxychloroquine is a miracle cure,2025-09-20 18:24:44,60,549,1423,72,462,23562,False,,Verified False,Alternative Medicine,False,1285,233888,308,Unverified,Europe
POST_0079,YouTube,user_79,@health_user_56,Hydroxychloroquine is a miracle cure,2025-09-04 16:23:44,95,322,957,154,118,11449,False,https://archive.org/details/post_79,Disputed,Treatment,False,614,445047,311,Unverified,North America
POST_0080,YouTube,user_50,@health_user_73,5G towers spread coronavirus,2025-10-11 04:30:44,93,2746,4751,768,1740,76233,True,,Under Review,Cancer,False,1171,130968,491,False,North America
POST_0081,Facebook,user_34,@health_user_34,Hydrogen peroxide therapy cures disease,2025-09-02 01:14:44,83,1210,2205,417,1119,60452,True,,Verified False,Infectious Disease,False,2951,233466,44,Misleading,Oceania
POST_0082,TikTok,user_21,@health_user_23,"Chemotherapy is poison, use herbs instead",2025-09-26 08:41:44,87,1684,3093,832,1706,32796,False,,Fact-Checked,Alternative Medicine,False,2289,68137,313,False,North America
POST_0083,WhatsApp,user_53,@health_user_74,Hospitals are inflating COVID death numbers,2025-09-29 18:00:44,63,1979,5857,706,1395,73660,False,https://archive.org/details/post_83,Fact-Checked,Treatment,False,558,226916,257,False,North America
POST_0084,Instagram,user_45,@health_user_67,Face masks don't work at all,2025-09-16 02:26:44,60,218,410,77,174,3282,False,https://archive.org/details/post_84,Fact-Checked,Treatment,False,2408,80942,87,Pants on Fire,Oceania
POST_0085,Twitter,user_4,@health_user_11,5G towers spread coronavirus,2025-08-22 11:24:44,96,4061,10789,836,1989,133564,False,,Disputed,Conspiracy,False,1267,253302,125,Unverified,Asia
POST_0086,WhatsApp,user_62,@health_user_60,Essential oils cure cancer,2025-09-20 04:01:44,76,86,207,19,81,3385,False,https://archive.org/details/post_86,Debunked,Alternative Medicine,False,464,167408,123,Unverified,North America
POST_0087,TikTok,user_50,@health_user_79,Measles is just a harmless rash,2025-10-01 16:30:44,70,144,424,66,148,6822,False,,Debunked,Infectious Disease,False,1942,261593,450,Misleading,South America
POST_0088,Instagram,user_28,@health_user_75,Flu vaccines cause autism,2025-10-18 04:20:44,58,1347,2123,401,1474,48751,False,https://archive.org/details/post_88,Verified False,Cancer,True,1113,381523,187,Unverified,Asia
POST_0089,YouTube,user_71,@health_user_37,Hospitals are inflating COVID death numbers,2025-10-16 18:42:44,79,1795,4051,728,990,89001,False,,Verified False,Cancer,False,1418,292564,480,Misleading,Europe
POST_0090,Twitter,user_5,@health_user_18,Hydrogen peroxide therapy cures disease,2025-10-06 11:13:44,76,1157,3133,356,502,52945,True,https://archive.org/details/post_90,Under Review,Treatment,False,2555,387716,431,Misleading,Africa
POST_0091,TikTok,user_61,@health_user_3,"Chemotherapy is poison, use herbs instead",2025-09-27 13:52:44,76,1537,3860,756,1268,64376,False,https://archive.org/details/post_91,Verified False,Infectious Disease,False,2715,410567,497,Pants on Fire,Africa
POST_0092,WhatsApp,user_19,@health_user_32,5G towers spread coronavirus,2025-10-04 07:42:44,91,1615,4721,232,512,36433,True,https://archive.org/details/post_92,Flagged,Infectious Disease,False,3043,381468,31,Mostly False,Africa
POST_0093,WhatsApp,user_41,@health_user_23,Vaccine ingredients are toxic,2025-10-05 13:25:44,89,1825,3674,441,1815,70878,False,https://archive.org/details/post_93,Fact-Checked,Infectious Disease,False,1039,146379,285,Misleading,Europe
POST_0094,Telegram,user_41,@health_user_62,Flu vaccines cause autism,2025-08-19 20:56:44,90,1119,3248,468,611,16659,False,,Flagged,Alternative Medicine,False,3325,76895,148,False,Asia
POST_0095,TikTok,user_62,@health_user_28,The pandemic is a hoax,2025-09-04 04:23:44,89,2381,4540,773,1296,34214,False,,Verified False,Prevention,False,245,52632,211,Misleading,Oceania
POST_0096,Reddit,user_53,@health_user_61,Natural birth is always safer than C-section,2025-09-19 03:02:44,96,893,1608,433,526,32028,False,,Fact-Checked,Prevention,False,2991,445919,479,False,Europe
POST_0097,WhatsApp,user_64,@health_user_24,Raw milk is safer than pasteurized,2025-09-23 00:46:44,73,631,1776,65,511,9018,False,,Disputed,Infectious Disease,False,579,446300,258,Unverified,Asia
POST_0098,TikTok,user_24,@health_user_2,Raw milk is safer than pasteurized,2025-10-07 03:24:44,76,667,1791,218,654,11352,False,https://archive.org/details/post_98,Flagged,Alternative Medicine,True,2771,50109,94,Mostly False,South America
POST_0099,Telegram,user_35,@health_user_43,COVID vaccine makes you magnetic,2025-09-28 23:45:44,92,616,1593,64,547,23253,True,,Under Review,Treatment,False,2088,484073,458,Misleading,Oceania
POST_0100,Instagram,user_29,@health_user_18,Natural birth is always safer than C-section,2025-10-11 09:47:44,64,1778,3881,881,1131,67714,False,https://archive.org/details/post_100,Disputed,Prevention,False,2816,395800,305,False,Africa
POST_0101,Facebook,user_8,@health_user_71,Fluoride in water is mind control,2025-09-20 14:00:44,67,323,763,51,192,9969,True,,Fact-Checked,Infectious Disease,True,2120,233661,414,False,South America
POST_0102,Telegram,user_40,@health_user_3,Vaccines shed and infect others,2025-10-10 14:19:44,71,1448,3947,577,1188,17114,False,,Verified False,Vaccines,False,1963,16738,146,Unverified,Europe
POST_0103,WhatsApp,user_48,@health_user_49,MMS (chlorine dioxide) cures autism,2025-08-31 01:56:44,79,3265,6737,1218,2924,103084,False,,Debunked,Cancer,False,3011,116853,427,False,North America
POST_0104,WhatsApp,user_30,@health_user_32,Vaccine ingredients are toxic,2025-09-29 16:02:44,77,2200,3813,385,2393,89391,True,https://archive.org/details/post_104,Fact-Checked,COVID-19,False,305,52998,304,False,South America
POST_0105,Twitter,user_52,@health_user_57,Vitamin C prevents COVID-19,2025-09-10 09:00:44,89,649,1185,289,227,19580,True,https://archive.org/details/post_105,Disputed,Alternative Medicine,False,3194,352700,419,Misleading,Europe
POST_0106,TikTok,user_36,@health_user_8,Mammograms cause breast cancer,2025-09-30 02:03:44,92,811,2288,377,700,21985,False,https://archive.org/details/post_106,Disputed,Cancer,False,1335,365166,213,Unverified,Europe
POST_0107,Instagram,user_29,@health_user_39,Hydrogen peroxide therapy cures disease,2025-09-29 18:34:44,64,2283,6186,1064,1841,111255,False,,Debunked,Conspiracy,False,2678,41555,472,Unverified,Asia
POST_0108,TikTok,user_49,@health_user_78,EMF radiation from phones causes tumors,2025-10-13 12:59:44,57,1165,3276,204,1148,45434,False,,Under Review,Conspiracy,False,92,111148,479,Mostly False,Oceania
POST_0109,Instagram,user_51,@health_user_31,Mammograms cause breast cancer,2025-10-11 06:57:44,75,2307,6145,582,1800,56234,True,https://archive.org/details/post_109,Flagged,Infectious Disease,True,2989,246248,389,Misleading,Europe
POST_0110,Instagram,user_19,@health_user_3,COVID tests are rigged,2025-09-25 20:19:44,90,169,492,56,114,2732,False,,Debunked,Infectious Disease,False,2835,177080,131,Unverified,Oceania
POST_0111,YouTube,user_22,@health_user_18,Coffee enemas detoxify the liver,2025-09-07 07:14:44,89,604,1349,282,476,21569,True,,Verified False,COVID-19,False,1719,72185,431,Mostly False,North America
POST_0112,YouTube,user_8,@health_user_80,Apple cider vinegar cures everything,2025-09-04 02:45:44,97,646,1876,300,577,6874,False,,Verified False,Conspiracy,False,1204,9087,257,Unverified,Europe
POST_0113,TikTok,user_46,@health_user_35,Vaccines shed and infect others,2025-10-13 03:12:44,60,256,528,67,207,12733,True,https://archive.org/details/post_113,Verified False,COVID-19,True,1583,197845,282,Unverified,North America
POST_0114,WhatsApp,user_43,@health_user_73,Ivermectin is better than vaccines,2025-09-09 06:01:44,88,161,464,30,179,6081,False,,Verified False,Conspiracy,False,2338,345138,16,Mostly False,Asia
POST_0115,WhatsApp,user_10,@health_user_39,Zinc supplements cure coronavirus,2025-10-18 00:08:44,91,609,1134,264,396,27973,False,https://archive.org/details/post_115,Debunked,Vaccines,False,1446,28252,50,Unverified,Europe
POST_0116,WhatsApp,user_42,@health_user_4,Apple cider vinegar cures everything,2025-08-27 04:24:44,72,2491,6664,698,1258,80020,False,,Fact-Checked,Cancer,True,2563,154963,408,Mostly False,Oceania
POST_0117,Reddit,user_50,@health_user_41,"Chemotherapy is poison, use herbs instead",2025-10-15 04:28:44,61,369,604,176,258,14930,True,,Flagged,Infectious Disease,False,2128,214032,52,False,North America
POST_0118,YouTube,user_50,@health_user_2,Face masks don't work at all,2025-09-26 13:40:44,81,1981,4125,265,2201,91572,False,https://archive.org/details/post_118,Debunked,Cancer,False,1131,157979,137,Unverified,Europe
POST_0119,Telegram,user_10,@health_user_47,COVID tests are rigged,2025-10-15 01:18:44,70,699,1805,208,597,19801,True,,Flagged,Alternative Medicine,False,1586,421667,441,Misleading,South America
POST_0120,Reddit,user_39,@health_user_42,EMF radiation from phones causes tumors,2025-09-27 16:53:44,67,3725,8265,637,2453,84817,False,https://archive.org/details/post_120,Fact-Checked,Prevention,False,1178,428178,402,Unverified,Asia
POST_0121,Reddit,user_71,@health_user_4,Coffee enemas detoxify the liver,2025-10-11 12:33:44,84,3072,8954,564,3127,132886,True,https://archive.org/details/post_121,Flagged,Infectious Disease,True,1270,126988,129,Mostly False,Oceania
POST_0122,Telegram,user_75,@health_user_52,Diabetes can be cured with cinnamon,2025-09-21 18:41:44,87,2325,6709,1041,1573,26673,False,https://archive.org/details/post_122,Fact-Checked,Vaccines,True,1046,344872,340,Misleading,Europe
POST_0123,WhatsApp,user_43,@health_user_56,Ivermectin is better than vaccines,2025-09-07 11:43:44,55,2886,4757,545,2806,93299,False,,Under Review,Cancer,False,2813,308690,353,Pants on Fire,Europe
POST_0124,Facebook,user_15,@health_user_19,Flu vaccines cause autism,2025-09-27 06:15:44,74,214,431,88,164,5122,True,https://archive.org/details/post_124,Flagged,Alternative Medicine,True,213,424870,363,False,North America
POST_0125,Reddit,user_32,@health_user_67,Hospitals get paid more for COVID deaths,2025-08-25 20:04:44,90,429,746,139,498,8272,False,,Disputed,Cancer,False,3050,322068,452,Mostly False,South America
POST_0126,Instagram,user_36,@health_user_9,The polio vaccine caused AIDS,2025-09-11 17:21:44,61,51,138,16,32,919,True,https://archive.org/details/post_126,Flagged,Alternative Medicine,False,2533,205906,300,False,Asia
POST_0127,TikTok,user_79,@health_user_76,Natural immunity is 100% effective against all diseases,2025-09-26 16:06:44,98,774,1316,113,444,13408,False,https://archive.org/details/post_127,Flagged,Treatment,False,1762,97488,249,Pants on Fire,Oceania
POST_0128,Telegram,user_37,@health_user_18,Hospitals get paid more for COVID deaths,2025-08-21 09:46:44,75,560,1548,194,604,26943,False,,Flagged,Infectious Disease,False,2044,218010,363,Unverified,South America
POST_0129,Instagram,user_38,@health_user_5,Hydroxychloroquine is a miracle cure,2025-10-09 04:09:44,69,167,385,27,119,6643,False,https://archive.org/details/post_129,Verified False,Vaccines,False,2254,431737,187,Pants on Fire,North America
POST_0130,WhatsApp,user_14,@health_user_32,COVID vaccine makes you magnetic,2025-08-31 07:17:44,57,844,1835,202,873,23265,False,https://archive.org/details/post_130,Debunked,Prevention,False,2438,361404,179,Pants on Fire,Oceania
POST_0131,Instagram,user_8,@health_user_73,Flu vaccines cause autism,2025-09-22 01:06:44,89,612,1177,193,362,23387,True,,Fact-Checked,Vaccines,True,3102,412028,210,False,Asia
POST_0132,Instagram,user_19,@health_user_42,Antibiotics work on viral infections,2025-08-24 10:37:44,98,3201,6687,502,2782,112404,False,,Verified False,Cancer,False,1169,364324,479,Misleading,South America
POST_0133,Facebook,user_59,@health_user_46,Hospitals are inflating COVID death numbers,2025-08-19 15:25:44,89,309,648,150,322,9211,False,,Fact-Checked,Treatment,False,2017,413398,175,False,North America
POST_0134,Facebook,user_21,@health_user_57,Vaccine ingredients are toxic,2025-10-12 09:55:44,55,2223,6644,602,2660,103140,False,,Under Review,Vaccines,False,1055,43312,190,Mostly False,North America
POST_0135,Instagram,user_55,@health_user_12,Hydrogen peroxide therapy cures disease,2025-09-23 10:26:44,61,2746,4124,798,1151,52315,False,,Disputed,Alternative Medicine,False,3553,221514,355,Mostly False,South America
POST_0136,Facebook,user_14,@health_user_41,"Chemotherapy is poison, use herbs instead",2025-10-14 23:21:44,74,382,652,156,374,5864,False,,Fact-Checked,COVID-19,False,702,230838,179,Mostly False,Oceania
POST_0137,Telegram,user_28,@health_user_12,Ivermectin is better than vaccines,2025-09-02 01:47:44,63,1410,3707,473,910,68445,False,,Under Review,Vaccines,False,2491,314676,369,Pants on Fire,Asia
POST_0138,TikTok,user_27,@health_user_67,EMF radiation from phones causes tumors,2025-08-30 08:44:44,87,3785,6749,971,3337,156549,False,,Flagged,Vaccines,False,2643,311490,36,Pants on Fire,North America
POST_0139,WhatsApp,user_47,@health_user_70,Baking soda cures cancer,2025-09-25 20:37:44,66,1775,4695,855,1763,18942,True,,Verified False,COVID-19,False,1660,265709,146,Pants on Fire,South America
POST_0140,Reddit,user_36,@health_user_11,COVID vaccine makes you magnetic,2025-09-21 08:20:44,60,317,720,57,326,10001,False,https://archive.org/details/post_140,Disputed,Vaccines,False,1821,382808,488,Mostly False,North America
POST_0141,Twitter,user_40,@health_user_23,Masks cause oxygen deprivation,2025-10-04 03:46:44,55,463,1188,176,207,22326,False,https://archive.org/details/post_141,Disputed,Conspiracy,False,549,393198,399,Misleading,Oceania
POST_0142,WhatsApp,user_35,@health_user_68,Hospitals are inflating COVID death numbers,2025-08-24 02:56:44,71,588,1511,194,217,16600,False,,Fact-Checked,Treatment,False,1074,405547,52,Pants on Fire,Oceania
POST_0143,Twitter,user_2,@health_user_32,5G towers spread coronavirus,2025-09-03 03:31:44,85,2142,4383,1002,987,103726,True,https://archive.org/details/post_143,Disputed,Cancer,False,1046,218338,468,Misleading,Asia
POST_0144,Twitter,user_23,@health_user_29,HIV doesn't cause AIDS,2025-08-28 04:09:44,57,405,1188,51,291,8635,False,,Fact-Checked,Infectious Disease,True,851,152979,288,Misleading,Oceania
POST_0145,Telegram,user_26,@health_user_70,Sunscreen causes cancer,2025-09-09 23:16:44,70,1223,2112,578,393,38751,False,https://archive.org/details/post_145,Verified False,Alternative Medicine,True,2722,197376,434,Misleading,North America
POST_0146,Twitter,user_19,@health_user_36,Natural immunity is 100% effective against all diseases,2025-10-05 14:30:44,57,1191,3433,546,914,45317,False,https://archive.org/details/post_146,Verified False,Vaccines,False,2640,429996,201,False,Africa
POST_0147,Instagram,user_38,@health_user_34,Drinking hot water kills the virus,2025-09-13 05:18:44,80,3329,8493,1312,1951,69508,True,,Fact-Checked,Vaccines,False,703,235802,238,Misleading,South America
POST_0148,Telegram,user_40,@health_user_60,COVID tests are rigged,2025-10-11 13:23:44,62,3954,6468,1672,2269,151019,False,,Under Review,Treatment,True,1046,186611,202,Pants on Fire,North America
POST_0149,Twitter,user_52,@health_user_58,Mammograms cause breast cancer,2025-09-05 21:29:44,90,4209,7891,1198,4308,65631,True,https://archive.org/details/post_149,Debunked,Treatment,False,1670,195260,351,False,Africa
POST_0150,Facebook,user_26,@health_user_57,Bill Gates created COVID-19,2025-09-11 21:47:44,60,705,2014,304,421,8255,False,,Fact-Checked,Cancer,False,1647,260213,15,Unverified,Oceania
POST_0151,TikTok,user_36,@health_user_58,COVID vaccines alter your DNA,2025-09-22 01:23:44,57,1050,2543,364,927,31468,False,,Verified False,Conspiracy,False,1747,104673,329,Pants on Fire,Europe
POST_0152,YouTube,user_62,@health_user_70,WiFi radiation causes brain cancer,2025-09-08 12:55:44,77,143,412,43,93,2469,False,,Under Review,COVID-19,False,1962,277674,183,Pants on Fire,Europe
POST_0153,Twitter,user_29,@health_user_74,Big Pharma is hiding the cure for cancer,2025-10-09 03:30:44,77,1081,3138,536,493,21040,False,https://archive.org/details/post_153,Under Review,COVID-19,False,1470,496893,290,Pants on Fire,Europe
POST_0154,Telegram,user_70,@health_user_40,Hospitals get paid more for COVID deaths,2025-09-12 23:52:44,86,3748,5835,459,3153,40468,False,,Fact-Checked,Prevention,False,1425,375981,90,Misleading,North America
POST_0155,Facebook,user_68,@health_user_47,Hospitals are inflating COVID death numbers,2025-10-18 02:08:44,78,3382,8648,1234,2798,79366,False,https://archive.org/details/post_155,Disputed,Cancer,False,2025,340457,162,Mostly False,Oceania
POST_0156,YouTube,user_29,@health_user_76,Hospitals get paid more for COVID deaths,2025-09-13 07:49:44,79,3134,6144,1176,1299,122725,False,https://archive.org/details/post_156,Flagged,COVID-19,False,1333,482989,414,Pants on Fire,Europe
POST_0157,YouTube,user_10,@health_user_31,Flu vaccines cause autism,2025-09-08 12:39:44,75,2648,4639,1202,1005,101578,False,https://archive.org/details/post_157,Flagged,COVID-19,False,1052,363523,34,Misleading,Asia
POST_0158,Telegram,user_54,@health_user_22,Measles is just a harmless rash,2025-08-30 02:59:44,86,7,22,1,5,340,False,https://archive.org/details/post_158,Disputed,Prevention,False,331,419108,433,False,Asia
POST_0159,YouTube,user_22,@health_user_49,Zinc supplements cure coronavirus,2025-10-17 20:29:44,59,955,2217,438,366,32266,False,,Verified False,Cancer,False,705,318509,455,Unverified,Europe
POST_0160,WhatsApp,user_71,@health_user_70,COVID tests are rigged,2025-10-16 03:24:44,97,1074,2065,209,370,35324,False,,Under Review,COVID-19,False,1236,432059,338,Pants on Fire,South America
POST_0161,TikTok,user_11,@health_user_61,Masks cause oxygen deprivation,2025-10-07 03:44:44,74,280,750,80,309,5776,False,,Under Review,Cancer,False,1855,23492,134,Unverified,South America
POST_0162,Reddit,user_13,@health_user_11,Lemon water cures cancer,2025-10-02 22:52:44,77,866,2349,230,849,16543,True,,Fact-Checked,Cancer,False,2844,454602,479,Unverified,Africa
POST_0163,Twitter,user_65,@health_user_74,HIV doesn't cause AIDS,2025-08-23 23:15:44,91,270,680,94,110,10888,True,https://archive.org/details/post_163,Debunked,Prevention,True,1764,41187,349,Unverified,Europe
POST_0164,YouTube,user_9,@health_user_12,Big Pharma is hiding the cure for cancer,2025-08-27 10:36:44,90,2745,5754,632,1506,77771,False,https://archive.org/details/post_164,Fact-Checked,Cancer,True,642,77799,290,Pants on Fire,Africa
POST_0165,Facebook,user_37,@health_user_69,Flu vaccines cause autism,2025-09-01 02:46:44,81,357,678,129,291,10347,True,,Fact-Checked,Cancer,True,3630,173898,353,Mostly False,North America
POST_0166,Twitter,user_44,@health_user_39,COVID vaccine makes you magnetic,2025-09-01 14:47:44,72,1292,3574,573,1184,63224,True,,Disputed,Infectious Disease,False,1344,141353,373,Unverified,Africa
POST_0167,WhatsApp,user_63,@health_user_67,"Chemotherapy is poison, use herbs instead",2025-09-08 04:33:44,58,670,1523,109,388,20296,True,https://archive.org/details/post_167,Fact-Checked,COVID-19,False,3614,436795,102,False,Europe
POST_0168,Instagram,user_36,@health_user_48,Vaccine ingredients are toxic,2025-10-16 16:42:44,87,2015,4223,945,1840,39662,False,,Flagged,Alternative Medicine,False,3461,469071,132,False,Asia
POST_0169,Instagram,user_29,@health_user_29,Baking soda cures cancer,2025-10-17 18:42:44,68,764,1454,201,243,31495,False,,Debunked,Treatment,False,64,117419,129,Pants on Fire,Asia
POST_0170,WhatsApp,user_45,@health_user_59,COVID tests are rigged,2025-09-03 08:04:44,68,700,1541,259,729,18132,True,https://archive.org/details/post_170,Disputed,Alternative Medicine,False,2462,319417,144,Misleading,Oceania
POST_0171,YouTube,user_36,@health_user_34,Coconut oil reverses Alzheimer's,2025-10-12 15:41:44,96,1751,3412,280,1732,80545,False,https://archive.org/details/post_171,Fact-Checked,Cancer,False,2818,73463,369,False,Oceania
POST_0172,WhatsApp,user_5,@health_user_75,Hydrogen peroxide therapy cures disease,2025-09-17 21:29:44,91,2235,6090,530,2106,83735,False,,Disputed,Alternative Medicine,False,3492,89221,430,Pants on Fire,Europe
POST_0173,Reddit,user_43,@health_user_12,Vitamin C prevents COVID-19,2025-10-01 03:15:44,77,540,992,242,366,24583,False,https://archive.org/details/post_173,Flagged,Vaccines,False,3578,332706,298,Pants on Fire,Africa
POST_0174,WhatsApp,user_68,@health_user_39,Measles is just a harmless rash,2025-10-14 14:49:44,58,575,1614,92,686,13636,False,https://archive.org/details/post_174,Flagged,Treatment,False,2961,94658,398,False,South America
POST_0175,Twitter,user_58,@health_user_36,Essential oils cure cancer,2025-09-27 10:34:44,65,1107,2617,180,1114,45606,True,,Flagged,Cancer,False,1985,201068,2,False,Africa
POST_0176,YouTube,user_68,@health_user_25,Vaccines contain microchips for tracking,2025-10-06 07:22:44,98,553,833,217,278,24938,False,,Fact-Checked,Conspiracy,False,3404,24069,152,Misleading,South America
POST_0177,Reddit,user_44,@health_user_63,Flu vaccines cause autism,2025-09-02 14:07:44,67,1103,1927,510,1137,11874,True,https://archive.org/details/post_177,Debunked,COVID-19,False,722,64672,187,False,South America
POST_0178,Twitter,user_77,@health_user_7,Lemon water cures cancer,2025-08-23 10:29:44,61,2322,5759,250,2138,61933,False,https://archive.org/details/post_178,Flagged,Treatment,False,2838,330564,4,Misleading,South America
POST_0179,Reddit,user_54,@health_user_14,Fluoride in water is mind control,2025-09-07 03:03:44,94,929,1558,135,367,16680,True,,Fact-Checked,Prevention,False,1708,154949,82,False,Africa
POST_0180,Instagram,user_1,@health_user_2,Lemon water cures cancer,2025-09-18 00:01:44,60,2569,7350,1115,2318,41028,True,https://archive.org/details/post_180,Disputed,Vaccines,False,2669,121294,233,Misleading,Asia
POST_0181,Twitter,user_38,@health_user_47,Baking soda cures cancer,2025-09-20 05:39:44,75,1082,2316,158,1154,49394,True,,Disputed,Treatment,False,1822,326105,137,False,Asia
POST_0182,Telegram,user_35,@health_user_50,Cannabis oil cures all diseases,2025-08-27 20:34:44,85,290,783,104,295,4214,False,,Debunked,Vaccines,False,2449,253160,410,Pants on Fire,Oceania
POST_0183,Twitter,user_17,@health_user_62,WiFi radiation causes brain cancer,2025-09-21 01:06:44,62,1594,4514,440,569,57718,True,https://archive.org/details/post_183,Fact-Checked,Prevention,False,2773,457878,173,Pants on Fire,Africa
POST_0184,Instagram,user_62,@health_user_45,Lemon water cures cancer,2025-09-04 08:06:44,98,261,644,41,273,11964,False,,Debunked,Infectious Disease,False,3591,86819,38,Unverified,Asia
POST_0185,WhatsApp,user_52,@health_user_31,Natural immunity is 100% effective against all diseases,2025-10-03 20:28:44,84,169,367,55,64,5079,False,https://archive.org/details/post_185,Disputed,COVID-19,True,1718,18886,285,Pants on Fire,North America
POST_0186,TikTok,user_66,@health_user_72,Essential oils cure cancer,2025-08-28 03:55:44,96,3035,7611,1457,1903,36950,True,,Fact-Checked,Infectious Disease,False,1518,375444,231,False,North America
POST_0187,TikTok,user_71,@health_user_67,"Chemotherapy is poison, use herbs instead",2025-08-31 09:31:44,61,24,38,4,10,944,False,,Fact-Checked,Prevention,False,3520,206090,110,Unverified,Europe
POST_0188,Facebook,user_58,@health_user_59,Lemon water cures cancer,2025-09-03 20:39:44,92,1856,5447,285,1390,57953,True,https://archive.org/details/post_188,Fact-Checked,Infectious Disease,False,3229,483054,466,Mostly False,Oceania
POST_0189,WhatsApp,user_77,@health_user_78,Drinking hot water kills the virus,2025-09-12 00:59:44,87,909,2566,243,771,34292,True,,Under Review,Conspiracy,False,576,72546,211,Pants on Fire,Oceania
POST_0190,YouTube,user_71,@health_user_28,The pandemic is a hoax,2025-08-23 07:13:44,68,1356,3305,293,828,50060,False,https://archive.org/details/post_190,Debunked,Alternative Medicine,False,3146,184774,287,Unverified,Africa
POST_0191,TikTok,user_55,@health_user_2,HIV doesn't cause AIDS,2025-09-12 09:00:44,61,1544,2375,244,1394,27793,False,,Under Review,Conspiracy,True,284,362170,401,Misleading,Europe
POST_0192,Facebook,user_79,@health_user_72,Vitamin C prevents COVID-19,2025-08-31 13:43:44,96,1569,3675,306,1578,65844,True,https://archive.org/details/post_192,Flagged,Cancer,False,3258,359315,160,Pants on Fire,North America
POST_0193,Telegram,user_29,@health_user_48,Sunscreen causes cancer,2025-10-18 07:29:44,92,714,1657,243,713,34703,True,,Disputed,Vaccines,False,741,385493,263,False,South America
POST_0194,Reddit,user_75,@health_user_33,Drinking bleach cures COVID-19,2025-10-16 17:28:44,76,977,2151,464,328,46106,False,https://archive.org/details/post_194,Disputed,Conspiracy,False,2375,288542,183,False,Oceania
POST_0195,Facebook,user_65,@health_user_21,Measles is just a harmless rash,2025-09-28 14:31:44,89,1312,3026,179,655,24331,False,,Debunked,Infectious Disease,False,3403,394434,332,False,North America
POST_0196,Instagram,user_6,@health_user_42,Big Pharma is hiding the cure for cancer,2025-09-06 19:17:44,62,1169,2432,369,648,54349,False,,Fact-Checked,Infectious Disease,False,1244,471058,333,Mostly False,Asia
POST_0197,Twitter,user_9,@health_user_27,Lemon water cures cancer,2025-09-17 04:39:44,95,881,2346,393,601,12485,False,https://archive.org/details/post_197,Disputed,Cancer,False,325,391685,351,Mostly False,North America
POST_0198,Twitter,user_23,@health_user_33,Mammograms cause breast cancer,2025-09-19 08:24:44,59,42,101,8,22,1094,False,,Verified False,Cancer,False,2220,3192,328,Pants on Fire,North America
POST_0199,Facebook,user_46,@health_user_65,Ivermectin is better than vaccines,2025-08-31 07:08:44,73,204,548,45,77,8309,False,,Disputed,COVID-19,False,2215,115372,69,Unverified,Africa
POST_0200,YouTube,user_2,@health_user_71,Mammograms cause breast cancer,2025-09-30 10:36:44,64,1117,1882,114,935,35187,False,,Disputed,Alternative Medicine,False,2675,446509,262,Mostly False,Europe
POST_0201,Facebook,user_24,@health_user_73,Garlic water prevents all infections,2025-10-07 23:06:44,90,1414,3100,452,794,17958,True,https://archive.org/details/post_201,Flagged,Alternative Medicine,False,2779,343756,120,False,Asia
POST_0202,Telegram,user_43,@health_user_79,Lemon water cures cancer,2025-09-10 03:48:44,74,401,1019,64,325,16984,False,,Under Review,Prevention,False,2947,387976,328,Unverified,Asia
POST_0203,Telegram,user_60,@health_user_58,Flu vaccines cause autism,2025-08-26 19:37:44,74,2677,5972,384,2359,35559,True,https://archive.org/details/post_203,Fact-Checked,Prevention,False,2596,40188,372,False,North America
POST_0204,WhatsApp,user_76,@health_user_28,5G towers spread coronavirus,2025-08-25 14:05:44,90,170,322,77,133,6162,True,,Fact-Checked,Conspiracy,True,2082,267702,46,Unverified,Asia
POST_0205,Reddit,user_66,@health_user_18,MMS (chlorine dioxide) cures autism,2025-09-17 06:03:44,65,1096,1938,525,979,53397,False,,Under Review,COVID-19,False,2027,121603,32,Misleading,Asia
POST_0206,YouTube,user_50,@health_user_61,Vaccine ingredients are toxic,2025-10-05 05:03:44,57,625,975,224,245,30487,False,,Disputed,Conspiracy,False,2365,91247,192,Unverified,Asia
POST_0207,TikTok,user_49,@health_user_29,HIV doesn't cause AIDS,2025-09-11 09:48:44,80,735,1492,328,542,21538,False,https://archive.org/details/post_207,Debunked,Infectious Disease,False,345,269867,329,Misleading,Europe
POST_0208,Facebook,user_30,@health_user_54,Colloidal silver cures all infections,2025-10-10 01:35:44,62,1219,2709,355,597,20059,False,,Verified False,Treatment,False,689,70734,322,Pants on Fire,North America
POST_0209,Reddit,user_67,@health_user_52,EMF radiation from phones causes tumors,2025-08-22 12:36:44,91,83,205,37,79,3584,False,,Fact-Checked,Infectious Disease,False,728,115109,425,Unverified,Africa
POST_0210,TikTok,user_22,@health_user_44,Vaccine ingredients are toxic,2025-10-09 11:53:44,93,1048,2500,201,678,15033,True,https://archive.org/details/post_210,Fact-Checked,Cancer,False,2510,50588,90,Unverified,Africa
POST_0211,Facebook,user_12,@health_user_62,Lemon water cures cancer,2025-09-11 04:49:44,63,2347,6698,741,706,111544,False,,Flagged,Alternative Medicine,False,2887,277876,219,Mostly False,South America
POST_0212,Facebook,user_55,@health_user_18,COVID tests are rigged,2025-08-29 18:23:44,85,2526,6690,1172,948,85713,False,,Verified False,COVID-19,False,512,272604,3,Unverified,Oceania
POST_0213,Facebook,user_20,@health_user_55,Coconut oil reverses Alzheimer's,2025-10-05 07:54:44,92,779,1465,344,530,19187,True,https://archive.org/details/post_213,Debunked,Cancer,False,2313,253052,91,Misleading,Africa
POST_0214,WhatsApp,user_18,@health_user_16,Raw milk is safer than pasteurized,2025-09-13 15:29:44,69,1004,2179,381,447,18656,False,,Fact-Checked,COVID-19,False,2634,2873,411,False,Europe
POST_0215,Instagram,user_48,@health_user_11,EMF radiation from phones causes tumors,2025-09-18 11:18:44,57,78,203,37,52,2857,True,https://archive.org/details/post_215,Verified False,Treatment,False,1828,5715,103,Pants on Fire,Asia
POST_0216,Instagram,user_79,@health_user_22,Baking soda cures cancer,2025-10-07 04:55:44,57,1742,3554,630,2053,23482,True,,Disputed,Cancer,False,850,271546,7,False,North America
POST_0217,YouTube,user_45,@health_user_36,Vitamin C prevents COVID-19,2025-09-13 20:59:44,93,2590,7628,730,1719,26389,True,https://archive.org/details/post_217,Fact-Checked,Vaccines,False,1422,496608,59,Pants on Fire,Asia
POST_0218,Telegram,user_49,@health_user_73,Natural birth is always safer than C-section,2025-08-23 12:53:44,70,2537,6689,1229,1809,72139,False,,Verified False,Conspiracy,True,2625,413582,112,Mostly False,Asia
POST_0219,TikTok,user_32,@health_user_37,Natural immunity is 100% effective against all diseases,2025-09-22 19:12:44,80,303,761,129,111,14338,False,,Fact-Checked,Conspiracy,False,3086,358244,476,Mostly False,South America
POST_0220,TikTok,user_27,@health_user_30,The pandemic is a hoax,2025-09-02 00:30:44,70,1212,3340,293,1213,17940,True,https://archive.org/details/post_220,Flagged,COVID-19,False,2247,22258,434,Unverified,Asia
POST_0221,TikTok,user_63,@health_user_24,Sunscreen causes cancer,2025-09-09 20:14:44,87,4583,8802,865,3754,55766,False,,Fact-Checked,COVID-19,False,1642,451197,351,Mostly False,South America
POST_0222,Twitter,user_2,@health_user_27,Big Pharma is hiding the cure for cancer,2025-10-11 08:12:44,92,923,1525,225,993,16152,True,,Fact-Checked,Alternative Medicine,False,2072,222368,107,Unverified,Oceania
POST_0223,Telegram,user_24,@health_user_74,Bill Gates created COVID-19,2025-08-31 19:22:44,91,2035,5147,866,1931,85826,False,https://archive.org/details/post_223,Debunked,Treatment,False,3055,78506,242,False,Europe
POST_0224,YouTube,user_63,@health_user_39,COVID tests are rigged,2025-09-22 15:37:44,90,3993,11133,475,1553,66031,True,,Disputed,Vaccines,False,1400,136293,184,Misleading,Africa
POST_0225,YouTube,user_78,@health_user_26,The polio vaccine caused AIDS,2025-09-13 22:23:44,91,70,174,22,83,1509,False,https://archive.org/details/post_225,Disputed,Infectious Disease,False,1590,321836,146,Unverified,Oceania
POST_0226,WhatsApp,user_79,@health_user_74,Vaccines shed and infect others,2025-10-10 01:05:44,59,3915,6338,929,2279,141446,False,https://archive.org/details/post_226,Flagged,Conspiracy,False,3228,452459,480,Misleading,Oceania
POST_0227,Twitter,user_17,@health_user_31,Lemon water cures cancer,2025-09-11 14:17:44,71,542,1579,206,201,9047,True,,Flagged,COVID-19,True,1656,274817,391,False,North America
POST_0228,WhatsApp,user_40,@health_user_30,Antibiotics work on viral infections,2025-10-02 11:36:44,73,330,716,49,256,5566,True,,Under Review,Infectious Disease,False,3597,283521,478,Misleading,Africa
POST_0229,Telegram,user_73,@health_user_56,HIV doesn't cause AIDS,2025-09-21 02:01:44,95,728,1792,163,446,23018,False,,Under Review,Cancer,False,1273,5634,0,Pants on Fire,Europe
POST_0230,Telegram,user_62,@health_user_39,Drinking bleach cures COVID-19,2025-09-26 21:15:44,82,299,807,101,304,9557,True,https://archive.org/details/post_230,Flagged,Cancer,False,2958,386562,330,Unverified,South America
POST_0231,TikTok,user_37,@health_user_69,Hydroxychloroquine is a miracle cure,2025-10-04 22:40:44,81,1464,2610,186,619,21113,False,,Disputed,Infectious Disease,False,109,79870,25,Pants on Fire,North America
POST_0232,Telegram,user_2,@health_user_30,Natural immunity is 100% effective against all diseases,2025-10-08 03:27:44,64,302,460,56,205,12547,False,,Disputed,COVID-19,False,3485,393614,487,Mostly False,North America
POST_0233,Instagram,user_33,@health_user_49,Drinking bleach cures COVID-19,2025-10-01 18:41:44,62,1480,4384,571,956,72541,True,https://archive.org/details/post_233,Debunked,Infectious Disease,False,414,273326,340,Mostly False,South America
POST_0234,Twitter,user_71,@health_user_67,Masks cause oxygen deprivation,2025-09-24 09:26:44,71,1891,4202,415,1180,22853,False,https://archive.org/details/post_234,Debunked,Cancer,False,715,416589,141,Pants on Fire,North America
POST_0235,Telegram,user_77,@health_user_20,"Chemotherapy is poison, use herbs instead",2025-09-23 23:45:44,60,165,309,49,151,3885,False,https://archive.org/details/post_235,Verified False,COVID-19,False,660,367797,274,False,Europe
POST_0236,YouTube,user_57,@health_user_25,Vaccines contain microchips for tracking,2025-09-17 23:25:44,79,2352,4792,361,2608,69182,False,,Disputed,Infectious Disease,False,794,285113,178,Misleading,Oceania
POST_0237,Reddit,user_9,@health_user_68,COVID vaccines alter your DNA,2025-09-19 21:50:44,83,2750,5344,564,1733,27580,False,,Debunked,COVID-19,False,1521,406956,317,Mostly False,Asia
POST_0238,WhatsApp,user_25,@health_user_68,Baking soda cures cancer,2025-09-03 04:03:44,86,2925,7747,472,1623,77205,False,,Disputed,Vaccines,True,561,93758,447,False,Europe
POST_0239,WhatsApp,user_63,@health_user_68,Detox cleanses remove toxins from body,2025-10-12 15:33:44,92,71,134,17,60,916,False,,Flagged,Vaccines,False,2647,31924,184,Pants on Fire,Oceania
POST_0240,Twitter,user_79,@health_user_35,HIV doesn't cause AIDS,2025-08-19 16:53:44,57,1576,4101,683,583,29383,False,,Debunked,Cancer,False,2185,344492,127,Pants on Fire,Oceania
POST_0241,Facebook,user_74,@health_user_46,Baking soda cures cancer,2025-08-20 01:10:44,84,2340,5976,633,921,97576,False,https://archive.org/details/post_241,Disputed,Treatment,False,2487,232365,477,Misleading,Asia
POST_0242,WhatsApp,user_42,@health_user_78,Antibiotics work on viral infections,2025-09-13 19:51:44,91,918,2129,229,730,36547,False,,Flagged,COVID-19,False,1195,312451,8,Pants on Fire,Europe
POST_0243,Instagram,user_41,@health_user_3,Deodorant causes breast cancer,2025-08-23 21:45:44,72,1562,4498,475,1271,51358,True,,Debunked,Treatment,False,2414,131096,119,Misleading,Asia
POST_0244,Facebook,user_42,@health_user_62,Hospitals get paid more for COVID deaths,2025-10-13 12:20:44,86,2741,7507,1030,2244,126936,False,,Disputed,Cancer,True,259,483426,394,Misleading,Asia
POST_0245,Instagram,user_78,@health_user_2,Apple cider vinegar cures everything,2025-08-23 17:19:44,95,4237,8788,940,1428,133903,True,https://archive.org/details/post_245,Debunked,Treatment,True,3026,206083,497,Unverified,Africa
POST_0246,WhatsApp,user_19,@health_user_17,Colloidal silver cures all infections,2025-09-12 14:40:44,60,579,1282,230,459,11874,False,,Disputed,Treatment,False,1999,293332,101,Unverified,South America
POST_0247,Instagram,user_32,@health_user_10,Hydroxychloroquine is a miracle cure,2025-09-07 12:33:44,82,1910,3793,897,727,70452,False,,Under Review,Alternative Medicine,False,129,403634,156,Mostly False,Asia
POST_0248,Instagram,user_26,@health_user_48,COVID vaccines alter your DNA,2025-09-09 16:06:44,60,394,658,48,455,18575,False,https://archive.org/details/post_248,Verified False,Alternative Medicine,False,485,160069,230,Unverified,North America
POST_0249,TikTok,user_71,@health_user_62,Detox cleanses remove toxins from body,2025-09-27 23:58:44,64,813,2069,298,520,37637,False,,Verified False,Conspiracy,False,2882,324091,138,False,South America
POST_0250,YouTube,user_14,@health_user_3,Face masks don't work at all,2025-09-08 06:41:44,96,1412,2938,695,1070,54240,False,,Fact-Checked,Vaccines,False,2080,240216,287,False,North America
POST_0251,Reddit,user_3,@health_user_45,Baking soda cures cancer,2025-10-03 14:26:44,77,949,1930,209,1135,46654,True,,Under Review,Cancer,False,3367,15548,483,Pants on Fire,Asia
POST_0252,Reddit,user_12,@health_user_49,HIV doesn't cause AIDS,2025-10-05 02:24:44,98,2104,5090,737,1062,41279,True,https://archive.org/details/post_252,Fact-Checked,Alternative Medicine,False,569,108500,334,Mostly False,Africa
POST_0253,TikTok,user_68,@health_user_18,Homeopathy cures serious diseases,2025-09-14 08:54:44,64,950,2362,309,420,12087,False,https://archive.org/details/post_253,Debunked,Alternative Medicine,False,626,381299,15,Misleading,South America
POST_0254,TikTok,user_20,@health_user_25,Ivermectin is better than vaccines,2025-09-22 21:17:44,63,3634,6459,1471,3092,75143,False,,Debunked,Prevention,False,1501,41768,352,Unverified,Europe
POST_0255,Reddit,user_50,@health_user_63,Natural birth is always safer than C-section,2025-09-16 11:15:44,63,2529,4415,481,1689,123326,False,https://archive.org/details/post_255,Debunked,Prevention,False,300,92939,474,Unverified,Africa
POST_0256,Instagram,user_55,@health_user_52,Deodorant causes breast cancer,2025-09-17 08:25:44,57,2295,5536,986,2176,59142,False,https://archive.org/details/post_256,Fact-Checked,COVID-19,False,1879,239647,423,False,Europe
POST_0257,WhatsApp,user_67,@health_user_7,The pandemic is a hoax,2025-09-15 13:20:44,73,515,1113,233,513,11052,True,,Verified False,Treatment,False,2676,236919,46,Pants on Fire,North America
POST_0258,WhatsApp,user_53,@health_user_42,MMS (chlorine dioxide) cures autism,2025-10-07 11:48:44,56,2136,3777,718,2011,38618,False,,Disputed,Treatment,False,536,47910,58,Unverified,Oceania
POST_0259,Reddit,user_49,@health_user_71,Big Pharma is hiding the cure for cancer,2025-09-26 04:12:44,57,1635,4338,760,1323,59506,True,https://archive.org/details/post_259,Debunked,COVID-19,False,1297,382915,393,Unverified,Asia
POST_0260,Instagram,user_1,@health_user_80,Sunscreen causes cancer,2025-09-09 01:38:44,71,1015,1542,303,760,42959,False,,Debunked,Infectious Disease,False,1839,41731,307,Pants on Fire,North America
POST_0261,Instagram,user_7,@health_user_24,COVID vaccines alter your DNA,2025-10-03 13:28:44,58,2143,5316,245,2290,78633,False,,Verified False,COVID-19,True,760,84686,344,Misleading,Africa
POST_0262,Reddit,user_59,@health_user_75,"Chemotherapy is poison, use herbs instead",2025-09-06 08:01:44,57,1903,3121,418,1202,47889,True,,Fact-Checked,Vaccines,False,581,64075,355,Misleading,Asia
POST_0263,Twitter,user_14,@health_user_74,Coffee enemas detoxify the liver,2025-09-15 17:12:44,95,813,1865,109,774,27810,False,https://archive.org/details/post_263,Flagged,Alternative Medicine,False,2385,326859,181,Mostly False,Africa
POST_0264,Telegram,user_24,@health_user_79,Vitamin C prevents COVID-19,2025-09-12 15:12:44,73,2527,7504,254,812,88511,True,https://archive.org/details/post_264,Fact-Checked,Cancer,False,1397,183417,286,Mostly False,North America
POST_0265,Facebook,user_40,@health_user_39,Fluoride in water is mind control,2025-09-09 00:01:44,90,490,973,50,449,11594,False,https://archive.org/details/post_265,Verified False,Treatment,False,3445,177276,472,Unverified,South America
POST_0266,Telegram,user_69,@health_user_43,Vaccine ingredients are toxic,2025-08-29 05:04:44,81,397,1148,48,305,12952,False,https://archive.org/details/post_266,Verified False,Prevention,False,1388,419286,469,Misleading,North America
POST_0267,WhatsApp,user_69,@health_user_22,The polio vaccine caused AIDS,2025-10-09 21:52:44,93,83,173,28,89,3328,False,,Verified False,Conspiracy,False,2065,459926,121,Misleading,South America
POST_0268,Facebook,user_48,@health_user_5,Deodorant causes breast cancer,2025-08-26 21:32:44,67,1017,2920,282,328,29823,False,,Flagged,Conspiracy,False,616,403529,446,False,Africa
POST_0269,WhatsApp,user_67,@health_user_15,Drinking bleach cures COVID-19,2025-09-06 02:32:44,74,499,1446,187,416,6728,False,,Fact-Checked,Conspiracy,True,3136,163752,327,Mostly False,Asia
POST_0270,Telegram,user_16,@health_user_35,COVID vaccines alter your DNA,2025-10-07 00:27:44,65,848,1620,90,730,25926,True,,Under Review,Conspiracy,True,2915,421629,145,Pants on Fire,Europe
POST_0271,Telegram,user_7,@health_user_17,Vaccines contain microchips for tracking,2025-10-09 04:26:44,85,2876,8211,345,1855,38668,False,https://archive.org/details/post_271,Fact-Checked,Infectious Disease,False,1309,174337,418,Mostly False,Oceania
POST_0272,Telegram,user_73,@health_user_17,Natural immunity is 100% effective against all diseases,2025-08-31 08:54:44,84,474,781,106,417,19293,False,https://archive.org/details/post_272,Debunked,Conspiracy,False,1635,96229,358,Misleading,Asia
POST_0273,YouTube,user_62,@health_user_60,Zinc supplements cure coronavirus,2025-09-19 15:44:44,73,200,531,68,83,2831,False,https://archive.org/details/post_273,Under Review,Vaccines,False,2212,241783,205,Pants on Fire,South America
POST_0274,Telegram,user_50,@health_user_9,Colloidal silver cures all infections,2025-10-03 11:30:44,68,694,1888,233,698,19028,False,https://archive.org/details/post_274,Debunked,Treatment,False,349,387741,476,Pants on Fire,South America
POST_0275,Facebook,user_57,@health_user_23,COVID vaccine makes you magnetic,2025-10-11 12:07:44,80,950,1525,136,981,38838,False,,Disputed,COVID-19,True,3376,72932,454,Pants on Fire,Oceania
POST_0276,Telegram,user_69,@health_user_38,Big Pharma is hiding the cure for cancer,2025-08-29 05:57:44,94,555,1315,99,507,12597,False,https://archive.org/details/post_276,Under Review,Cancer,False,1440,46912,298,False,Africa
POST_0277,Twitter,user_48,@health_user_71,Garlic water prevents all infections,2025-09-16 17:51:44,55,607,1551,260,378,26984,False,,Disputed,Cancer,False,2945,200792,207,Unverified,South America
POST_0278,Instagram,user_72,@health_user_50,"Chemotherapy is poison, use herbs instead",2025-09-15 00:03:44,81,493,853,246,445,7579,True,,Disputed,Infectious Disease,False,586,44488,70,Unverified,South America
POST_0279,Reddit,user_59,@health_user_66,Homeopathy cures serious diseases,2025-08-22 08:07:44,90,2323,6344,589,1169,62723,True,,Disputed,Prevention,False,1132,215497,474,Pants on Fire,Africa
POST_0280,YouTube,user_15,@health_user_75,Natural birth is always safer than C-section,2025-09-26 05:43:44,60,1580,2708,620,1873,78004,False,,Verified False,Vaccines,False,2613,388957,339,False,Oceania
POST_0281,Twitter,user_44,@health_user_69,Deodorant causes breast cancer,2025-09-08 12:54:44,55,1149,2532,350,830,45234,False,https://archive.org/details/post_281,Under Review,Conspiracy,False,2876,483946,305,Misleading,Oceania
POST_0282,Reddit,user_74,@health_user_7,Lemon water cures cancer,2025-08-29 12:29:44,73,239,650,83,133,3190,False,https://archive.org/details/post_282,Under Review,Conspiracy,True,1180,144393,439,Misleading,North America
POST_0283,Reddit,user_58,@health_user_48,Hospitals get paid more for COVID deaths,2025-09-02 03:07:44,71,863,2310,168,399,26865,True,https://archive.org/details/post_283,Debunked,Treatment,False,3113,216603,394,Unverified,Europe
POST_0284,YouTube,user_7,@health_user_34,Sunscreen causes cancer,2025-09-06 15:59:44,62,829,1309,236,604,24092,False,https://archive.org/details/post_284,Debunked,Cancer,False,1627,248921,134,Mostly False,Africa
POST_0285,Telegram,user_49,@health_user_41,HIV doesn't cause AIDS,2025-08-24 17:45:44,98,1425,4181,198,1108,34420,False,https://archive.org/details/post_285,Disputed,Conspiracy,False,1123,420744,50,Misleading,Oceania
POST_0286,Instagram,user_76,@health_user_25,HIV doesn't cause AIDS,2025-09-11 18:16:44,76,2834,7133,1409,1649,29545,True,,Flagged,Vaccines,False,2837,233902,179,Mostly False,Oceania
POST_0287,Facebook,user_8,@health_user_77,Lemon water cures cancer,2025-09-30 22:33:44,68,26,78,9,25,395,False,,Disputed,Treatment,False,2879,96706,129,Misleading,South America
POST_0288,TikTok,user_55,@health_user_42,COVID tests are rigged,2025-09-07 04:05:44,65,2205,5890,465,785,56326,False,,Under Review,Treatment,False,2044,486946,102,Pants on Fire,South America
POST_0289,WhatsApp,user_28,@health_user_79,Coconut oil reverses Alzheimer's,2025-10-07 10:14:44,61,138,398,53,54,1793,False,,Flagged,COVID-19,False,639,342389,327,False,North America
POST_0290,WhatsApp,user_74,@health_user_1,Fluoride in water is mind control,2025-09-06 18:28:44,86,602,1335,157,575,25591,True,,Flagged,Infectious Disease,True,2222,490331,183,Misleading,Oceania
POST_0291,Facebook,user_47,@health_user_69,Colloidal silver cures all infections,2025-09-29 18:42:44,60,3276,9048,1324,1837,59380,False,https://archive.org/details/post_291,Disputed,Prevention,False,1627,470103,54,Misleading,South America
POST_0292,Twitter,user_25,@health_user_4,Coffee enemas detoxify the liver,2025-10-13 10:17:44,92,1030,1914,263,1044,36832,False,https://archive.org/details/post_292,Flagged,COVID-19,True,259,177161,403,False,South America
POST_0293,Telegram,user_69,@health_user_20,Raw milk is safer than pasteurized,2025-10-11 23:54:44,92,2378,4398,306,2287,70298,True,https://archive.org/details/post_293,Fact-Checked,COVID-19,False,2687,68539,7,Mostly False,Oceania
POST_0294,Reddit,user_76,@health_user_9,Ivermectin is better than vaccines,2025-10-15 20:53:44,62,770,1731,323,384,32514,False,https://archive.org/details/post_294,Disputed,Cancer,False,2832,302072,279,Mostly False,Asia
POST_0295,YouTube,user_9,@health_user_16,Hydroxychloroquine is a miracle cure,2025-08-26 23:57:44,64,177,467,29,112,2945,True,https://archive.org/details/post_295,Debunked,Vaccines,False,2619,321195,192,Mostly False,North America
POST_0296,Facebook,user_76,@health_user_37,Measles is just a harmless rash,2025-08-23 15:40:44,85,8,21,1,7,263,False,https://archive.org/details/post_296,Fact-Checked,COVID-19,False,2967,262185,313,False,Oceania
POST_0297,Instagram,user_25,@health_user_16,HIV doesn't cause AIDS,2025-08-27 21:23:44,61,228,553,101,270,6909,False,https://archive.org/details/post_297,Debunked,Conspiracy,True,491,417754,76,Unverified,South America
POST_0298,YouTube,user_37,@health_user_27,Homeopathy cures serious diseases,2025-10-08 01:03:44,71,662,1325,279,650,7768,False,https://archive.org/details/post_298,Debunked,Treatment,False,2016,270057,59,False,Europe
POST_0299,Instagram,user_42,@health_user_30,Deodorant causes breast cancer,2025-09-02 16:08:44,62,1186,2359,165,1143,53128,False,,Flagged,Infectious Disease,True,1815,76090,110,Pants on Fire,South America
POST_0300,Instagram,user_46,@health_user_35,The pandemic is a hoax,2025-10-07 18:22:44,76,381,644,143,134,5896,False,,Debunked,Alternative Medicine,False,1238,316579,80,Pants on Fire,Europe
